{
    "view": "views/admin/integrations/oauth2",
    "fields": {
        "apiKey": {
            "type": "varchar",
            "maxLength": 255,
            "required": true,
            "tooltip": true
        },
        "secretKey": {
            "type": "varchar",
            "maxLength": 255,
            "required": true,
            "tooltip": true
        },
        "destinationUrl": {
            "type": "varchar",
            "maxLength": 255,
            "required": true,
            "tooltip": true
        }
    }
}